userName,password,description
Leo,semper,consectetuer rhoncus. Nullam velit dui semper et lacinia vitae sodales
Kuame,tristique,elementum lorem ut aliquam iaculis lacus pede sagittis augue eu
Nash,purus,massa. Suspendisse eleifend. Cras sed leo. Cras vehicula aliquet libero.
Plato,et,turpis. In condimentum. Donec at arcu. Vestibulum ante ipsum primis
Vincent,Duis,vel pede blandit congue. In scelerisque scelerisque dui. Suspendisse ac
Tobias,enim.,turpis egestas. Fusce aliquet magna a neque. Nullam ut nisi
Howard,turpis,blandit viverra. Donec tempus lorem fringilla ornare placerat orci lacus
Armando,eget,urna. Ut tincidunt vehicula risus. Nulla eget metus eu erat
Todd,faucibus,eu eleifend nec malesuada ut sem. Nulla interdum. Curabitur dictum.
Dieter,interdum,enim. Curabitur massa. Vestibulum accumsan neque et nunc. Quisque ornare
Odysseus,Aliquam,nec luctus felis purus ac tellus. Suspendisse sed dolor. Fusce
Colt,tellus,molestie tortor nibh sit amet orci. Ut sagittis lobortis mauris.
Isaiah,Donec,libero et tristique pellentesque tellus sem mollis dui in sodales
Tate,egestas.,parturient montes nascetur ridiculus mus. Donec dignissim magna a tortor.
Eaton,pede.,ac urna. Ut tincidunt vehicula risus. Nulla eget metus eu
Ferris,neque,eu accumsan sed facilisis vitae orci. Phasellus dapibus quam quis
Aaron,Maecenas,habitant morbi tristique senectus et netus et malesuada fames ac
Cameron,In,purus. Maecenas libero est congue a aliquet vel vulputate eu
Phelan,Etiam,quam elementum at egestas a scelerisque sed sapien. Nunc pulvinar
Joseph,pellentesque,Cras dolor dolor tempus non lacinia at iaculis quis pede.
Edan,ante,malesuada id erat. Etiam vestibulum massa rutrum magna. Cras convallis
Quamar,velit,congue. In scelerisque scelerisque dui. Suspendisse ac metus vitae velit
Denton,auctor,consectetuer mauris id sapien. Cras dolor dolor tempus non lacinia
Calvin,quis,tellus sem mollis dui in sodales elit erat vitae risus.
Kennedy,ac,senectus et netus et malesuada fames ac turpis egestas. Aliquam
Russell,massa.,Etiam imperdiet dictum magna. Ut tincidunt orci quis lectus. Nullam
Armando,sem,arcu iaculis enim sit amet ornare lectus justo eu arcu.
Wesley,vitae,Aliquam erat volutpat. Nulla facilisis. Suspendisse commodo tincidunt nibh. Phasellus
Herman,in,sed est. Nunc laoreet lectus quis massa. Mauris vestibulum neque
Cedric,eu,felis ullamcorper viverra. Maecenas iaculis aliquet diam. Sed diam lorem
Drake,et,felis adipiscing fringilla porttitor vulputate posuere vulputate lacus. Cras interdum.
Malcolm,lacinia,Pellentesque habitant morbi tristique senectus et netus et malesuada fames
Beck,auctor,nec ante. Maecenas mi felis adipiscing fringilla porttitor vulputate posuere
Holmes,in,mauris. Suspendisse aliquet molestie tellus. Aenean egestas hendrerit neque. In
Jacob,aliquet,quis massa. Mauris vestibulum neque sed dictum eleifend nunc risus
Rogan,Duis,Aenean eget metus. In nec orci. Donec nibh. Quisque nonummy
Blaze,semper,elit elit fermentum risus at fringilla purus mauris a nunc.
Len,dui,Vivamus molestie dapibus ligula. Aliquam erat volutpat. Nulla dignissim. Maecenas
Joshua,dictum,arcu. Sed et libero. Proin mi. Aliquam gravida mauris ut
Paul,nibh,aliquet lobortis nisi nibh lacinia orci consectetuer euismod est arcu
Marshall,et,fermentum fermentum arcu. Vestibulum ante ipsum primis in faucibus orci
Slade,mus.,eu dolor egestas rhoncus. Proin nisl sem consequat nec mollis
Brennan,mauris,Suspendisse non leo. Vivamus nibh dolor nonummy ac feugiat non
Ignatius,Donec,elit pretium et rutrum non hendrerit id ante. Nunc mauris
Baker,consectetuer,egestas rhoncus. Proin nisl sem consequat nec mollis vitae posuere
Marshall,Donec,aliquam eros turpis non enim. Mauris quis turpis vitae purus
Aaron,nisi.,Sed nec metus facilisis lorem tristique aliquet. Phasellus fermentum convallis
Herrod,Nam,erat in consectetuer ipsum nunc id enim. Curabitur massa. Vestibulum
Hiram,ut,justo. Proin non massa non ante bibendum ullamcorper. Duis cursus
Kadeem,morbi,nisi. Aenean eget metus. In nec orci. Donec nibh. Quisque
Damian,mattis,est congue a aliquet vel vulputate eu odio. Phasellus at
Ryder,justo.,lorem ut aliquam iaculis lacus pede sagittis augue eu tempor
Stone,In,sapien. Aenean massa. Integer vitae nibh. Donec est mauris rhoncus
Zachery,nibh.,nec quam. Curabitur vel lectus. Cum sociis natoque penatibus et
Channing,ligula,adipiscing non luctus sit amet faucibus ut nulla. Cras eu
Valentine,Aenean,fames ac turpis egestas. Aliquam fringilla cursus purus. Nullam scelerisque
Declan,id,in magna. Phasellus dolor elit pellentesque a facilisis non bibendum
Ferris,Donec,Phasellus fermentum convallis ligula. Donec luctus aliquet odio. Etiam ligula
Clarke,vitae,justo faucibus lectus a sollicitudin orci sem eget massa. Suspendisse
Callum,id,urna. Nunc quis arcu vel quam dignissim pharetra. Nam ac
Fuller,elit,est ac facilisis facilisis magna tellus faucibus leo in lobortis
Samuel,sed,condimentum eget volutpat ornare facilisis eget ipsum. Donec sollicitudin adipiscing
Graham,Nulla,egestas. Aliquam fringilla cursus purus. Nullam scelerisque neque sed sem
Harding,ac,ut mi. Duis risus odio auctor vitae aliquet nec imperdiet
Justin,quam,ipsum primis in faucibus orci luctus et ultrices posuere cubilia
Timon,Nam,congue. In scelerisque scelerisque dui. Suspendisse ac metus vitae velit
Clark,egestas.,pellentesque massa lobortis ultrices. Vivamus rhoncus. Donec est. Nunc ullamcorper
Arsenio,Vestibulum,mi eleifend egestas. Sed pharetra felis eget varius ultrices mauris
Rajah,amet,purus. Nullam scelerisque neque sed sem egestas blandit. Nam nulla
Nissim,Nunc,blandit enim consequat purus. Maecenas libero est congue a aliquet
Jakeem,amet,vitae erat vel pede blandit congue. In scelerisque scelerisque dui.
Yuli,ac,egestas rhoncus. Proin nisl sem consequat nec mollis vitae posuere
Jerome,dui,quam quis diam. Pellentesque habitant morbi tristique senectus et netus
Alexander,Nunc,nunc ac mattis ornare lectus ante dictum mi ac mattis
Thor,adipiscing,nec ante. Maecenas mi felis adipiscing fringilla porttitor vulputate posuere
Brett,auctor,laoreet ipsum. Curabitur consequat lectus sit amet luctus vulputate nisi
Elijah,neque,orci lacus vestibulum lorem sit amet ultricies sem magna nec
Keaton,interdum,pede. Praesent eu dui. Cum sociis natoque penatibus et magnis
Hedley,bibendum,eget laoreet posuere enim nisl elementum purus accumsan interdum libero
Burke,odio,odio. Aliquam vulputate ullamcorper magna. Sed eu eros. Nam consequat
Lionel,id,Aliquam ornare libero at auctor ullamcorper nisl arcu iaculis enim
Edan,semper,posuere cubilia Curae; Donec tincidunt. Donec vitae erat vel pede
Fletcher,metus,nibh sit amet orci. Ut sagittis lobortis mauris. Suspendisse aliquet
Tate,Integer,facilisis eget ipsum. Donec sollicitudin adipiscing ligula. Aenean gravida nunc
Keaton,eros,sem ut cursus luctus ipsum leo elementum sem vitae aliquam
Stephen,semper,Fusce mollis. Duis sit amet diam eu dolor egestas rhoncus.
Edan,lectus,eget nisi dictum augue malesuada malesuada. Integer id magna et
Matthew,amet,ac risus. Morbi metus. Vivamus euismod urna. Nullam lobortis quam
Kibo,ultrices,nonummy ut molestie in tempus eu ligula. Aenean euismod mauris
Xander,sagittis,Nunc lectus pede ultrices a auctor non feugiat nec diam.
Kirk,porttitor,egestas ligula. Nullam feugiat placerat velit. Quisque varius. Nam porttitor
Rajah,vestibulum.,Cum sociis natoque penatibus et magnis dis parturient montes nascetur
Brendan,sagittis,dapibus rutrum justo. Praesent luctus. Curabitur egestas nunc sed libero.
Isaiah,vulputate,tellus faucibus leo in lobortis tellus justo sit amet nulla.
Trevor,a,molestie pharetra nibh. Aliquam ornare libero at auctor ullamcorper nisl
Keegan,Quisque,leo. Morbi neque tellus imperdiet non vestibulum nec euismod in
Chaim,magna,molestie arcu. Sed eu nibh vulputate mauris sagittis placerat. Cras
Slade,eleifend,nisl arcu iaculis enim sit amet ornare lectus justo eu
Len,molestie,tristique aliquet. Phasellus fermentum convallis ligula. Donec luctus aliquet odio.
Brady,natoque,vulputate risus a ultricies adipiscing enim mi tempor lorem eget
